,id,filepath,label_arousal,label_valence
0,2,emoMusic45s/clips_45seconds/2.mp3,0.344444444444,0.333333333333
1,3,emoMusic45s/clips_45seconds/3.mp3,0.388888888889,0.366666666667
2,4,emoMusic45s/clips_45seconds/4.mp3,0.633333333333,0.611111111111
3,5,emoMusic45s/clips_45seconds/5.mp3,0.488888888889,0.588888888889
4,7,emoMusic45s/clips_45seconds/7.mp3,0.644444444444,0.711111111111
5,8,emoMusic45s/clips_45seconds/8.mp3,0.355555555556,0.533333333333
6,10,emoMusic45s/clips_45seconds/10.mp3,0.444444444444,0.522222222222
7,12,emoMusic45s/clips_45seconds/12.mp3,0.611111111111,0.644444444444
8,13,emoMusic45s/clips_45seconds/13.mp3,0.355555555556,0.444444444444
9,17,emoMusic45s/clips_45seconds/17.mp3,0.488888888889,0.666666666667
10,18,emoMusic45s/clips_45seconds/18.mp3,0.533333333333,0.433333333333
11,19,emoMusic45s/clips_45seconds/19.mp3,0.655555555556,0.477777777778
12,20,emoMusic45s/clips_45seconds/20.mp3,0.6,0.722222222222
13,21,emoMusic45s/clips_45seconds/21.mp3,0.733333333333,0.7
14,22,emoMusic45s/clips_45seconds/22.mp3,0.444444444444,0.533333333333
15,24,emoMusic45s/clips_45seconds/24.mp3,0.588888888889,0.433333333333
16,25,emoMusic45s/clips_45seconds/25.mp3,0.877777777778,0.522222222222
17,31,emoMusic45s/clips_45seconds/31.mp3,0.522222222222,0.422222222222
18,32,emoMusic45s/clips_45seconds/32.mp3,0.466666666667,0.366666666667
19,35,emoMusic45s/clips_45seconds/35.mp3,0.533333333333,0.722222222222
20,37,emoMusic45s/clips_45seconds/37.mp3,0.733333333333,0.588888888889
21,39,emoMusic45s/clips_45seconds/39.mp3,0.811111111111,0.6
22,40,emoMusic45s/clips_45seconds/40.mp3,0.511111111111,0.533333333333
23,41,emoMusic45s/clips_45seconds/41.mp3,0.477777777778,0.566666666667
24,42,emoMusic45s/clips_45seconds/42.mp3,0.677777777778,0.566666666667
25,43,emoMusic45s/clips_45seconds/43.mp3,0.744444444444,0.388888888889
26,44,emoMusic45s/clips_45seconds/44.mp3,0.433333333333,0.544444444444
27,45,emoMusic45s/clips_45seconds/45.mp3,0.566666666667,0.233333333333
28,46,emoMusic45s/clips_45seconds/46.mp3,0.588888888889,0.444444444444
29,47,emoMusic45s/clips_45seconds/47.mp3,0.488888888889,0.488888888889
30,48,emoMusic45s/clips_45seconds/48.mp3,0.5,0.533333333333
31,49,emoMusic45s/clips_45seconds/49.mp3,0.433333333333,0.588888888889
32,50,emoMusic45s/clips_45seconds/50.mp3,0.4,0.533333333333
33,51,emoMusic45s/clips_45seconds/51.mp3,0.4,0.355555555556
34,52,emoMusic45s/clips_45seconds/52.mp3,0.511111111111,0.566666666667
35,53,emoMusic45s/clips_45seconds/53.mp3,0.477777777778,0.566666666667
36,54,emoMusic45s/clips_45seconds/54.mp3,0.344444444444,0.366666666667
37,55,emoMusic45s/clips_45seconds/55.mp3,0.644444444444,0.6
38,56,emoMusic45s/clips_45seconds/56.mp3,0.711111111111,0.644444444444
39,58,emoMusic45s/clips_45seconds/58.mp3,0.366666666667,0.377777777778
40,59,emoMusic45s/clips_45seconds/59.mp3,0.588888888889,0.455555555556
41,60,emoMusic45s/clips_45seconds/60.mp3,0.477777777778,0.711111111111
42,62,emoMusic45s/clips_45seconds/62.mp3,0.688888888889,0.433333333333
43,64,emoMusic45s/clips_45seconds/64.mp3,0.4,0.544444444444
44,65,emoMusic45s/clips_45seconds/65.mp3,0.711111111111,0.644444444444
45,67,emoMusic45s/clips_45seconds/67.mp3,0.8,0.755555555556
46,68,emoMusic45s/clips_45seconds/68.mp3,0.422222222222,0.544444444444
47,69,emoMusic45s/clips_45seconds/69.mp3,0.355555555556,0.433333333333
48,70,emoMusic45s/clips_45seconds/70.mp3,0.488888888889,0.4
49,71,emoMusic45s/clips_45seconds/71.mp3,0.655555555556,0.411111111111
50,72,emoMusic45s/clips_45seconds/72.mp3,0.744444444444,0.622222222222
51,73,emoMusic45s/clips_45seconds/73.mp3,0.644444444444,0.622222222222
52,74,emoMusic45s/clips_45seconds/74.mp3,0.333333333333,0.477777777778
53,76,emoMusic45s/clips_45seconds/76.mp3,0.477777777778,0.355555555556
54,77,emoMusic45s/clips_45seconds/77.mp3,0.466666666667,0.322222222222
55,78,emoMusic45s/clips_45seconds/78.mp3,0.377777777778,0.433333333333
56,79,emoMusic45s/clips_45seconds/79.mp3,0.611111111111,0.611111111111
57,80,emoMusic45s/clips_45seconds/80.mp3,0.666666666667,0.566666666667
58,81,emoMusic45s/clips_45seconds/81.mp3,0.677777777778,0.433333333333
59,82,emoMusic45s/clips_45seconds/82.mp3,0.322222222222,0.388888888889
60,83,emoMusic45s/clips_45seconds/83.mp3,0.677777777778,0.644444444444
61,84,emoMusic45s/clips_45seconds/84.mp3,0.655555555556,0.622222222222
62,85,emoMusic45s/clips_45seconds/85.mp3,0.788888888889,0.688888888889
63,86,emoMusic45s/clips_45seconds/86.mp3,0.6,0.622222222222
64,87,emoMusic45s/clips_45seconds/87.mp3,0.588888888889,0.288888888889
65,88,emoMusic45s/clips_45seconds/88.mp3,0.744444444444,0.611111111111
66,89,emoMusic45s/clips_45seconds/89.mp3,0.5,0.533333333333
67,90,emoMusic45s/clips_45seconds/90.mp3,0.477777777778,0.466666666667
68,91,emoMusic45s/clips_45seconds/91.mp3,0.5,0.611111111111
69,92,emoMusic45s/clips_45seconds/92.mp3,0.644444444444,0.522222222222
70,93,emoMusic45s/clips_45seconds/93.mp3,0.8,0.666666666667
71,95,emoMusic45s/clips_45seconds/95.mp3,0.366666666667,0.511111111111
72,96,emoMusic45s/clips_45seconds/96.mp3,0.755555555556,0.766666666667
73,98,emoMusic45s/clips_45seconds/98.mp3,0.477777777778,0.3
74,99,emoMusic45s/clips_45seconds/99.mp3,0.477777777778,0.455555555556
75,101,emoMusic45s/clips_45seconds/101.mp3,0.377777777778,0.311111111111
76,102,emoMusic45s/clips_45seconds/102.mp3,0.722222222222,0.6
77,103,emoMusic45s/clips_45seconds/103.mp3,0.622222222222,0.366666666667
78,104,emoMusic45s/clips_45seconds/104.mp3,0.677777777778,0.366666666667
79,105,emoMusic45s/clips_45seconds/105.mp3,0.722222222222,0.555555555556
80,106,emoMusic45s/clips_45seconds/106.mp3,0.511111111111,0.366666666667
81,107,emoMusic45s/clips_45seconds/107.mp3,0.666666666667,0.533333333333
82,108,emoMusic45s/clips_45seconds/108.mp3,0.5,0.466666666667
83,109,emoMusic45s/clips_45seconds/109.mp3,0.488888888889,0.5
84,110,emoMusic45s/clips_45seconds/110.mp3,0.488888888889,0.311111111111
85,111,emoMusic45s/clips_45seconds/111.mp3,0.588888888889,0.588888888889
86,112,emoMusic45s/clips_45seconds/112.mp3,0.755555555556,0.711111111111
87,113,emoMusic45s/clips_45seconds/113.mp3,0.6,0.422222222222
88,114,emoMusic45s/clips_45seconds/114.mp3,0.533333333333,0.633333333333
89,115,emoMusic45s/clips_45seconds/115.mp3,0.933333333333,0.866666666667
90,116,emoMusic45s/clips_45seconds/116.mp3,0.488888888889,0.433333333333
91,117,emoMusic45s/clips_45seconds/117.mp3,0.433333333333,0.555555555556
92,118,emoMusic45s/clips_45seconds/118.mp3,0.544444444444,0.511111111111
93,119,emoMusic45s/clips_45seconds/119.mp3,0.477777777778,0.355555555556
94,120,emoMusic45s/clips_45seconds/120.mp3,0.422222222222,0.555555555556
95,121,emoMusic45s/clips_45seconds/121.mp3,0.344444444444,0.433333333333
96,122,emoMusic45s/clips_45seconds/122.mp3,0.611111111111,0.511111111111
97,123,emoMusic45s/clips_45seconds/123.mp3,0.677777777778,0.688888888889
98,124,emoMusic45s/clips_45seconds/124.mp3,0.411111111111,0.311111111111
99,125,emoMusic45s/clips_45seconds/125.mp3,0.5,0.466666666667
100,126,emoMusic45s/clips_45seconds/126.mp3,0.566666666667,0.677777777778
101,127,emoMusic45s/clips_45seconds/127.mp3,0.333333333333,0.588888888889
102,128,emoMusic45s/clips_45seconds/128.mp3,0.4,0.444444444444
103,129,emoMusic45s/clips_45seconds/129.mp3,0.466666666667,0.666666666667
104,130,emoMusic45s/clips_45seconds/130.mp3,0.366666666667,0.466666666667
105,131,emoMusic45s/clips_45seconds/131.mp3,0.677777777778,0.544444444444
106,133,emoMusic45s/clips_45seconds/133.mp3,0.311111111111,0.244444444444
107,134,emoMusic45s/clips_45seconds/134.mp3,0.6,0.666666666667
108,135,emoMusic45s/clips_45seconds/135.mp3,0.411111111111,0.388888888889
109,136,emoMusic45s/clips_45seconds/136.mp3,0.755555555556,0.688888888889
110,137,emoMusic45s/clips_45seconds/137.mp3,0.477777777778,0.644444444444
111,138,emoMusic45s/clips_45seconds/138.mp3,0.422222222222,0.266666666667
112,140,emoMusic45s/clips_45seconds/140.mp3,0.466666666667,0.5
113,142,emoMusic45s/clips_45seconds/142.mp3,0.511111111111,0.533333333333
114,143,emoMusic45s/clips_45seconds/143.mp3,0.444444444444,0.544444444444
115,144,emoMusic45s/clips_45seconds/144.mp3,0.377777777778,0.522222222222
116,145,emoMusic45s/clips_45seconds/145.mp3,0.344444444444,0.6
117,146,emoMusic45s/clips_45seconds/146.mp3,0.266666666667,0.388888888889
118,148,emoMusic45s/clips_45seconds/148.mp3,0.522222222222,0.555555555556
119,149,emoMusic45s/clips_45seconds/149.mp3,0.377777777778,0.344444444444
120,150,emoMusic45s/clips_45seconds/150.mp3,0.555555555556,0.6
121,151,emoMusic45s/clips_45seconds/151.mp3,0.444444444444,0.5
122,152,emoMusic45s/clips_45seconds/152.mp3,0.488888888889,0.622222222222
123,153,emoMusic45s/clips_45seconds/153.mp3,0.433333333333,0.5
124,154,emoMusic45s/clips_45seconds/154.mp3,0.466666666667,0.455555555556
125,155,emoMusic45s/clips_45seconds/155.mp3,0.4,0.6
126,156,emoMusic45s/clips_45seconds/156.mp3,0.711111111111,0.744444444444
127,157,emoMusic45s/clips_45seconds/157.mp3,0.444444444444,0.688888888889
128,158,emoMusic45s/clips_45seconds/158.mp3,0.233333333333,0.4
129,159,emoMusic45s/clips_45seconds/159.mp3,0.422222222222,0.344444444444
130,160,emoMusic45s/clips_45seconds/160.mp3,0.388888888889,0.388888888889
131,161,emoMusic45s/clips_45seconds/161.mp3,0.7,0.388888888889
132,162,emoMusic45s/clips_45seconds/162.mp3,0.411111111111,0.511111111111
133,163,emoMusic45s/clips_45seconds/163.mp3,0.4,0.5
134,164,emoMusic45s/clips_45seconds/164.mp3,0.455555555556,0.322222222222
135,166,emoMusic45s/clips_45seconds/166.mp3,0.344444444444,0.466666666667
136,167,emoMusic45s/clips_45seconds/167.mp3,0.3,0.366666666667
137,168,emoMusic45s/clips_45seconds/168.mp3,0.366666666667,0.377777777778
138,169,emoMusic45s/clips_45seconds/169.mp3,0.266666666667,0.311111111111
139,170,emoMusic45s/clips_45seconds/170.mp3,0.333333333333,0.555555555556
140,171,emoMusic45s/clips_45seconds/171.mp3,0.233333333333,0.4
141,172,emoMusic45s/clips_45seconds/172.mp3,0.422222222222,0.555555555556
142,173,emoMusic45s/clips_45seconds/173.mp3,0.511111111111,0.244444444444
143,174,emoMusic45s/clips_45seconds/174.mp3,0.444444444444,0.422222222222
144,175,emoMusic45s/clips_45seconds/175.mp3,0.411111111111,0.477777777778
145,176,emoMusic45s/clips_45seconds/176.mp3,0.266666666667,0.433333333333
146,177,emoMusic45s/clips_45seconds/177.mp3,0.533333333333,0.622222222222
147,178,emoMusic45s/clips_45seconds/178.mp3,0.311111111111,0.411111111111
148,179,emoMusic45s/clips_45seconds/179.mp3,0.577777777778,0.666666666667
149,180,emoMusic45s/clips_45seconds/180.mp3,0.533333333333,0.655555555556
150,181,emoMusic45s/clips_45seconds/181.mp3,0.411111111111,0.277777777778
151,182,emoMusic45s/clips_45seconds/182.mp3,0.244444444444,0.411111111111
152,184,emoMusic45s/clips_45seconds/184.mp3,0.4,0.377777777778
153,185,emoMusic45s/clips_45seconds/185.mp3,0.544444444444,0.511111111111
154,186,emoMusic45s/clips_45seconds/186.mp3,0.411111111111,0.444444444444
155,187,emoMusic45s/clips_45seconds/187.mp3,0.277777777778,0.411111111111
156,188,emoMusic45s/clips_45seconds/188.mp3,0.444444444444,0.366666666667
157,189,emoMusic45s/clips_45seconds/189.mp3,0.722222222222,0.788888888889
158,190,emoMusic45s/clips_45seconds/190.mp3,0.311111111111,0.344444444444
159,191,emoMusic45s/clips_45seconds/191.mp3,0.566666666667,0.7
160,192,emoMusic45s/clips_45seconds/192.mp3,0.644444444444,0.677777777778
161,193,emoMusic45s/clips_45seconds/193.mp3,0.455555555556,0.333333333333
162,194,emoMusic45s/clips_45seconds/194.mp3,0.3,0.522222222222
163,195,emoMusic45s/clips_45seconds/195.mp3,0.466666666667,0.3
164,196,emoMusic45s/clips_45seconds/196.mp3,0.477777777778,0.5
165,197,emoMusic45s/clips_45seconds/197.mp3,0.244444444444,0.311111111111
166,198,emoMusic45s/clips_45seconds/198.mp3,0.211111111111,0.366666666667
167,199,emoMusic45s/clips_45seconds/199.mp3,0.588888888889,0.633333333333
168,201,emoMusic45s/clips_45seconds/201.mp3,0.411111111111,0.533333333333
169,202,emoMusic45s/clips_45seconds/202.mp3,0.511111111111,0.577777777778
170,203,emoMusic45s/clips_45seconds/203.mp3,0.388888888889,0.533333333333
171,204,emoMusic45s/clips_45seconds/204.mp3,0.4,0.244444444444
172,205,emoMusic45s/clips_45seconds/205.mp3,0.333333333333,0.5
173,206,emoMusic45s/clips_45seconds/206.mp3,0.255555555556,0.288888888889
174,207,emoMusic45s/clips_45seconds/207.mp3,0.533333333333,0.533333333333
175,208,emoMusic45s/clips_45seconds/208.mp3,0.533333333333,0.722222222222
176,209,emoMusic45s/clips_45seconds/209.mp3,0.344444444444,0.511111111111
177,210,emoMusic45s/clips_45seconds/210.mp3,0.466666666667,0.611111111111
178,211,emoMusic45s/clips_45seconds/211.mp3,0.344444444444,0.544444444444
179,212,emoMusic45s/clips_45seconds/212.mp3,0.511111111111,0.6
180,213,emoMusic45s/clips_45seconds/213.mp3,0.288888888889,0.277777777778
181,214,emoMusic45s/clips_45seconds/214.mp3,0.4,0.455555555556
182,215,emoMusic45s/clips_45seconds/215.mp3,0.355555555556,0.288888888889
183,216,emoMusic45s/clips_45seconds/216.mp3,0.5,0.588888888889
184,217,emoMusic45s/clips_45seconds/217.mp3,0.388888888889,0.533333333333
185,218,emoMusic45s/clips_45seconds/218.mp3,0.322222222222,0.444444444444
186,219,emoMusic45s/clips_45seconds/219.mp3,0.266666666667,0.422222222222
187,220,emoMusic45s/clips_45seconds/220.mp3,0.455555555556,0.377777777778
188,221,emoMusic45s/clips_45seconds/221.mp3,0.477777777778,0.377777777778
189,222,emoMusic45s/clips_45seconds/222.mp3,0.422222222222,0.477777777778
190,223,emoMusic45s/clips_45seconds/223.mp3,0.244444444444,0.388888888889
191,224,emoMusic45s/clips_45seconds/224.mp3,0.611111111111,0.633333333333
192,225,emoMusic45s/clips_45seconds/225.mp3,0.411111111111,0.466666666667
193,226,emoMusic45s/clips_45seconds/226.mp3,0.544444444444,0.555555555556
194,227,emoMusic45s/clips_45seconds/227.mp3,0.344444444444,0.388888888889
195,228,emoMusic45s/clips_45seconds/228.mp3,0.388888888889,0.444444444444
196,229,emoMusic45s/clips_45seconds/229.mp3,0.533333333333,0.533333333333
197,231,emoMusic45s/clips_45seconds/231.mp3,0.455555555556,0.622222222222
198,232,emoMusic45s/clips_45seconds/232.mp3,0.277777777778,0.3
199,233,emoMusic45s/clips_45seconds/233.mp3,0.522222222222,0.5
200,234,emoMusic45s/clips_45seconds/234.mp3,0.388888888889,0.433333333333
201,235,emoMusic45s/clips_45seconds/235.mp3,0.333333333333,0.411111111111
202,236,emoMusic45s/clips_45seconds/236.mp3,0.277777777778,0.266666666667
203,237,emoMusic45s/clips_45seconds/237.mp3,0.466666666667,0.433333333333
204,238,emoMusic45s/clips_45seconds/238.mp3,0.333333333333,0.511111111111
205,239,emoMusic45s/clips_45seconds/239.mp3,0.255555555556,0.366666666667
206,240,emoMusic45s/clips_45seconds/240.mp3,0.711111111111,0.733333333333
207,241,emoMusic45s/clips_45seconds/241.mp3,0.455555555556,0.511111111111
208,242,emoMusic45s/clips_45seconds/242.mp3,0.388888888889,0.522222222222
209,243,emoMusic45s/clips_45seconds/243.mp3,0.8,0.455555555556
210,244,emoMusic45s/clips_45seconds/244.mp3,0.477777777778,0.466666666667
211,245,emoMusic45s/clips_45seconds/245.mp3,0.466666666667,0.677777777778
212,246,emoMusic45s/clips_45seconds/246.mp3,0.544444444444,0.355555555556
213,247,emoMusic45s/clips_45seconds/247.mp3,0.433333333333,0.5
214,248,emoMusic45s/clips_45seconds/248.mp3,0.377777777778,0.411111111111
215,250,emoMusic45s/clips_45seconds/250.mp3,0.377777777778,0.4
216,253,emoMusic45s/clips_45seconds/253.mp3,0.733333333333,0.277777777778
217,254,emoMusic45s/clips_45seconds/254.mp3,0.588888888889,0.822222222222
218,257,emoMusic45s/clips_45seconds/257.mp3,0.844444444444,0.766666666667
219,258,emoMusic45s/clips_45seconds/258.mp3,0.477777777778,0.477777777778
220,260,emoMusic45s/clips_45seconds/260.mp3,0.588888888889,0.4
221,262,emoMusic45s/clips_45seconds/262.mp3,0.622222222222,0.766666666667
222,264,emoMusic45s/clips_45seconds/264.mp3,0.588888888889,0.611111111111
223,265,emoMusic45s/clips_45seconds/265.mp3,0.5,0.711111111111
224,266,emoMusic45s/clips_45seconds/266.mp3,0.4,0.533333333333
225,269,emoMusic45s/clips_45seconds/269.mp3,0.477777777778,0.533333333333
226,270,emoMusic45s/clips_45seconds/270.mp3,0.677777777778,0.788888888889
227,272,emoMusic45s/clips_45seconds/272.mp3,0.655555555556,0.711111111111
228,273,emoMusic45s/clips_45seconds/273.mp3,0.6,0.8
229,274,emoMusic45s/clips_45seconds/274.mp3,0.855555555556,0.666666666667
230,275,emoMusic45s/clips_45seconds/275.mp3,0.588888888889,0.611111111111
231,276,emoMusic45s/clips_45seconds/276.mp3,0.677777777778,0.588888888889
232,278,emoMusic45s/clips_45seconds/278.mp3,0.611111111111,0.566666666667
233,279,emoMusic45s/clips_45seconds/279.mp3,0.4,0.522222222222
234,280,emoMusic45s/clips_45seconds/280.mp3,0.466666666667,0.366666666667
235,281,emoMusic45s/clips_45seconds/281.mp3,0.6,0.777777777778
236,282,emoMusic45s/clips_45seconds/282.mp3,0.355555555556,0.466666666667
237,284,emoMusic45s/clips_45seconds/284.mp3,0.488888888889,0.577777777778
238,285,emoMusic45s/clips_45seconds/285.mp3,0.388888888889,0.566666666667
239,286,emoMusic45s/clips_45seconds/286.mp3,0.633333333333,0.766666666667
240,288,emoMusic45s/clips_45seconds/288.mp3,0.388888888889,0.577777777778
241,289,emoMusic45s/clips_45seconds/289.mp3,0.633333333333,0.744444444444
242,290,emoMusic45s/clips_45seconds/290.mp3,0.233333333333,0.433333333333
243,292,emoMusic45s/clips_45seconds/292.mp3,0.811111111111,0.822222222222
244,293,emoMusic45s/clips_45seconds/293.mp3,0.7,0.466666666667
245,294,emoMusic45s/clips_45seconds/294.mp3,0.611111111111,0.722222222222
246,296,emoMusic45s/clips_45seconds/296.mp3,0.655555555556,0.633333333333
247,297,emoMusic45s/clips_45seconds/297.mp3,0.344444444444,0.4
248,298,emoMusic45s/clips_45seconds/298.mp3,0.444444444444,0.6
249,299,emoMusic45s/clips_45seconds/299.mp3,0.311111111111,0.477777777778
250,300,emoMusic45s/clips_45seconds/300.mp3,0.755555555556,0.5
251,301,emoMusic45s/clips_45seconds/301.mp3,0.355555555556,0.411111111111
252,302,emoMusic45s/clips_45seconds/302.mp3,0.733333333333,0.777777777778
253,303,emoMusic45s/clips_45seconds/303.mp3,0.777777777778,0.711111111111
254,304,emoMusic45s/clips_45seconds/304.mp3,0.422222222222,0.511111111111
255,305,emoMusic45s/clips_45seconds/305.mp3,0.711111111111,0.755555555556
256,306,emoMusic45s/clips_45seconds/306.mp3,0.633333333333,0.744444444444
257,307,emoMusic45s/clips_45seconds/307.mp3,0.677777777778,0.755555555556
258,308,emoMusic45s/clips_45seconds/308.mp3,0.477777777778,0.733333333333
259,309,emoMusic45s/clips_45seconds/309.mp3,0.588888888889,0.644444444444
260,310,emoMusic45s/clips_45seconds/310.mp3,0.233333333333,0.3
261,311,emoMusic45s/clips_45seconds/311.mp3,0.644444444444,0.766666666667
262,312,emoMusic45s/clips_45seconds/312.mp3,0.511111111111,0.644444444444
263,313,emoMusic45s/clips_45seconds/313.mp3,0.4,0.588888888889
264,314,emoMusic45s/clips_45seconds/314.mp3,0.644444444444,0.655555555556
265,315,emoMusic45s/clips_45seconds/315.mp3,0.711111111111,0.833333333333
266,316,emoMusic45s/clips_45seconds/316.mp3,0.311111111111,0.388888888889
267,317,emoMusic45s/clips_45seconds/317.mp3,0.677777777778,0.477777777778
268,318,emoMusic45s/clips_45seconds/318.mp3,0.655555555556,0.655555555556
269,319,emoMusic45s/clips_45seconds/319.mp3,0.5,0.733333333333
270,320,emoMusic45s/clips_45seconds/320.mp3,0.822222222222,0.733333333333
271,321,emoMusic45s/clips_45seconds/321.mp3,0.811111111111,0.666666666667
272,322,emoMusic45s/clips_45seconds/322.mp3,0.677777777778,0.844444444444
273,323,emoMusic45s/clips_45seconds/323.mp3,0.535355555556,0.636366666667
274,324,emoMusic45s/clips_45seconds/324.mp3,0.366666666667,0.522222222222
275,325,emoMusic45s/clips_45seconds/325.mp3,0.611111111111,0.6
276,326,emoMusic45s/clips_45seconds/326.mp3,0.6,0.8
277,327,emoMusic45s/clips_45seconds/327.mp3,0.666666666667,0.788888888889
278,328,emoMusic45s/clips_45seconds/328.mp3,0.577777777778,0.466666666667
279,329,emoMusic45s/clips_45seconds/329.mp3,0.366666666667,0.466666666667
280,330,emoMusic45s/clips_45seconds/330.mp3,0.655555555556,0.344444444444
281,332,emoMusic45s/clips_45seconds/332.mp3,0.611111111111,0.766666666667
282,333,emoMusic45s/clips_45seconds/333.mp3,0.744444444444,0.677777777778
283,334,emoMusic45s/clips_45seconds/334.mp3,0.655555555556,0.655555555556
284,335,emoMusic45s/clips_45seconds/335.mp3,0.755555555556,0.755555555556
285,336,emoMusic45s/clips_45seconds/336.mp3,0.677777777778,0.733333333333
286,338,emoMusic45s/clips_45seconds/338.mp3,0.333333333333,0.422222222222
287,339,emoMusic45s/clips_45seconds/339.mp3,0.655555555556,0.766666666667
288,340,emoMusic45s/clips_45seconds/340.mp3,0.422222222222,0.511111111111
289,341,emoMusic45s/clips_45seconds/341.mp3,0.422222222222,0.488888888889
290,342,emoMusic45s/clips_45seconds/342.mp3,0.444444444444,0.566666666667
291,343,emoMusic45s/clips_45seconds/343.mp3,0.777777777778,0.9
292,344,emoMusic45s/clips_45seconds/344.mp3,0.511111111111,0.577777777778
293,345,emoMusic45s/clips_45seconds/345.mp3,0.8,0.722222222222
294,346,emoMusic45s/clips_45seconds/346.mp3,0.744444444444,0.811111111111
295,347,emoMusic45s/clips_45seconds/347.mp3,0.424244444444,0.646466666667
296,348,emoMusic45s/clips_45seconds/348.mp3,0.555555555556,0.633333333333
297,349,emoMusic45s/clips_45seconds/349.mp3,0.511111111111,0.644444444444
298,350,emoMusic45s/clips_45seconds/350.mp3,0.666666666667,0.722222222222
299,352,emoMusic45s/clips_45seconds/352.mp3,0.611111111111,0.5
300,353,emoMusic45s/clips_45seconds/353.mp3,0.444444444444,0.533333333333
301,354,emoMusic45s/clips_45seconds/354.mp3,0.788888888889,0.711111111111
302,355,emoMusic45s/clips_45seconds/355.mp3,0.566666666667,0.722222222222
303,356,emoMusic45s/clips_45seconds/356.mp3,0.511111111111,0.622222222222
304,357,emoMusic45s/clips_45seconds/357.mp3,0.533333333333,0.722222222222
305,358,emoMusic45s/clips_45seconds/358.mp3,0.622222222222,0.466666666667
306,359,emoMusic45s/clips_45seconds/359.mp3,0.277777777778,0.411111111111
307,360,emoMusic45s/clips_45seconds/360.mp3,0.277777777778,0.611111111111
308,361,emoMusic45s/clips_45seconds/361.mp3,0.282833333333,0.373733333333
309,362,emoMusic45s/clips_45seconds/362.mp3,0.444444444444,0.655555555556
310,364,emoMusic45s/clips_45seconds/364.mp3,0.611111111111,0.722222222222
311,365,emoMusic45s/clips_45seconds/365.mp3,0.666666666667,0.788888888889
312,366,emoMusic45s/clips_45seconds/366.mp3,0.766666666667,0.677777777778
313,367,emoMusic45s/clips_45seconds/367.mp3,0.344444444444,0.3
314,368,emoMusic45s/clips_45seconds/368.mp3,0.533333333333,0.677777777778
315,369,emoMusic45s/clips_45seconds/369.mp3,0.322222222222,0.377777777778
316,370,emoMusic45s/clips_45seconds/370.mp3,0.422222222222,0.377777777778
317,371,emoMusic45s/clips_45seconds/371.mp3,0.577777777778,0.733333333333
318,372,emoMusic45s/clips_45seconds/372.mp3,0.4,0.533333333333
319,374,emoMusic45s/clips_45seconds/374.mp3,0.777777777778,0.544444444444
320,375,emoMusic45s/clips_45seconds/375.mp3,0.211111111111,0.311111111111
321,376,emoMusic45s/clips_45seconds/376.mp3,0.555555555556,0.655555555556
322,378,emoMusic45s/clips_45seconds/378.mp3,0.611111111111,0.655555555556
323,379,emoMusic45s/clips_45seconds/379.mp3,0.211111111111,0.322222222222
324,380,emoMusic45s/clips_45seconds/380.mp3,0.622222222222,0.533333333333
325,381,emoMusic45s/clips_45seconds/381.mp3,0.666666666667,0.744444444444
326,383,emoMusic45s/clips_45seconds/383.mp3,0.466666666667,0.4
327,384,emoMusic45s/clips_45seconds/384.mp3,0.4,0.455555555556
328,386,emoMusic45s/clips_45seconds/386.mp3,0.555555555556,0.611111111111
329,387,emoMusic45s/clips_45seconds/387.mp3,0.688888888889,0.688888888889
330,390,emoMusic45s/clips_45seconds/390.mp3,0.633333333333,0.688888888889
331,391,emoMusic45s/clips_45seconds/391.mp3,0.611111111111,0.677777777778
332,392,emoMusic45s/clips_45seconds/392.mp3,0.377777777778,0.533333333333
333,393,emoMusic45s/clips_45seconds/393.mp3,0.666666666667,0.711111111111
334,395,emoMusic45s/clips_45seconds/395.mp3,0.744444444444,0.688888888889
335,397,emoMusic45s/clips_45seconds/397.mp3,0.777777777778,0.777777777778
336,399,emoMusic45s/clips_45seconds/399.mp3,0.744444444444,0.777777777778
337,400,emoMusic45s/clips_45seconds/400.mp3,0.566666666667,0.622222222222
338,401,emoMusic45s/clips_45seconds/401.mp3,0.611111111111,0.711111111111
339,402,emoMusic45s/clips_45seconds/402.mp3,0.788888888889,0.788888888889
340,403,emoMusic45s/clips_45seconds/403.mp3,0.566666666667,0.577777777778
341,404,emoMusic45s/clips_45seconds/404.mp3,0.766666666667,0.755555555556
342,405,emoMusic45s/clips_45seconds/405.mp3,0.677777777778,0.822222222222
343,406,emoMusic45s/clips_45seconds/406.mp3,0.588888888889,0.477777777778
344,407,emoMusic45s/clips_45seconds/407.mp3,0.477777777778,0.5
345,408,emoMusic45s/clips_45seconds/408.mp3,0.733333333333,0.677777777778
346,410,emoMusic45s/clips_45seconds/410.mp3,0.422222222222,0.566666666667
347,415,emoMusic45s/clips_45seconds/415.mp3,0.666666666667,0.577777777778
348,416,emoMusic45s/clips_45seconds/416.mp3,0.611111111111,0.577777777778
349,419,emoMusic45s/clips_45seconds/419.mp3,0.366666666667,0.444444444444
350,420,emoMusic45s/clips_45seconds/420.mp3,0.5,0.6
351,422,emoMusic45s/clips_45seconds/422.mp3,0.311111111111,0.411111111111
352,423,emoMusic45s/clips_45seconds/423.mp3,0.577777777778,0.5
353,425,emoMusic45s/clips_45seconds/425.mp3,0.788888888889,0.755555555556
354,426,emoMusic45s/clips_45seconds/426.mp3,0.588888888889,0.588888888889
355,427,emoMusic45s/clips_45seconds/427.mp3,0.577777777778,0.644444444444
356,428,emoMusic45s/clips_45seconds/428.mp3,0.733333333333,0.733333333333
357,429,emoMusic45s/clips_45seconds/429.mp3,0.366666666667,0.477777777778
358,430,emoMusic45s/clips_45seconds/430.mp3,0.444444444444,0.322222222222
359,431,emoMusic45s/clips_45seconds/431.mp3,0.677777777778,0.611111111111
360,432,emoMusic45s/clips_45seconds/432.mp3,0.588888888889,0.588888888889
361,435,emoMusic45s/clips_45seconds/435.mp3,0.5,0.655555555556
362,436,emoMusic45s/clips_45seconds/436.mp3,0.477777777778,0.577777777778
363,437,emoMusic45s/clips_45seconds/437.mp3,0.577777777778,0.477777777778
364,440,emoMusic45s/clips_45seconds/440.mp3,0.588888888889,0.7
365,441,emoMusic45s/clips_45seconds/441.mp3,0.511111111111,0.566666666667
366,442,emoMusic45s/clips_45seconds/442.mp3,0.455555555556,0.5
367,444,emoMusic45s/clips_45seconds/444.mp3,0.255555555556,0.277777777778
368,445,emoMusic45s/clips_45seconds/445.mp3,0.266666666667,0.511111111111
369,448,emoMusic45s/clips_45seconds/448.mp3,0.7284,0.7037
370,449,emoMusic45s/clips_45seconds/449.mp3,0.4,0.422222222222
371,450,emoMusic45s/clips_45seconds/450.mp3,0.455555555556,0.555555555556
372,451,emoMusic45s/clips_45seconds/451.mp3,0.544444444444,0.488888888889
373,452,emoMusic45s/clips_45seconds/452.mp3,0.622222222222,0.755555555556
374,453,emoMusic45s/clips_45seconds/453.mp3,0.511111111111,0.622222222222
375,454,emoMusic45s/clips_45seconds/454.mp3,0.555555555556,0.533333333333
376,455,emoMusic45s/clips_45seconds/455.mp3,0.6,0.633333333333
377,456,emoMusic45s/clips_45seconds/456.mp3,0.677777777778,0.255555555556
378,458,emoMusic45s/clips_45seconds/458.mp3,0.377777777778,0.555555555556
379,459,emoMusic45s/clips_45seconds/459.mp3,0.7,0.677777777778
380,460,emoMusic45s/clips_45seconds/460.mp3,0.422222222222,0.422222222222
381,461,emoMusic45s/clips_45seconds/461.mp3,0.533333333333,0.488888888889
382,462,emoMusic45s/clips_45seconds/462.mp3,0.644444444444,0.511111111111
383,463,emoMusic45s/clips_45seconds/463.mp3,0.555555555556,0.633333333333
384,464,emoMusic45s/clips_45seconds/464.mp3,0.566666666667,0.622222222222
385,466,emoMusic45s/clips_45seconds/466.mp3,0.733333333333,0.655555555556
386,467,emoMusic45s/clips_45seconds/467.mp3,0.633333333333,0.755555555556
387,468,emoMusic45s/clips_45seconds/468.mp3,0.4,0.377777777778
388,469,emoMusic45s/clips_45seconds/469.mp3,0.566666666667,0.588888888889
389,472,emoMusic45s/clips_45seconds/472.mp3,0.722222222222,0.577777777778
390,473,emoMusic45s/clips_45seconds/473.mp3,0.788888888889,0.611111111111
391,475,emoMusic45s/clips_45seconds/475.mp3,0.622222222222,0.555555555556
392,477,emoMusic45s/clips_45seconds/477.mp3,0.788888888889,0.8
393,478,emoMusic45s/clips_45seconds/478.mp3,0.311111111111,0.355555555556
394,479,emoMusic45s/clips_45seconds/479.mp3,0.5,0.633333333333
395,480,emoMusic45s/clips_45seconds/480.mp3,0.3,0.455555555556
396,481,emoMusic45s/clips_45seconds/481.mp3,0.377777777778,0.522222222222
397,482,emoMusic45s/clips_45seconds/482.mp3,0.211111111111,0.388888888889
398,484,emoMusic45s/clips_45seconds/484.mp3,0.711111111111,0.722222222222
399,485,emoMusic45s/clips_45seconds/485.mp3,0.288888888889,0.411111111111
400,486,emoMusic45s/clips_45seconds/486.mp3,0.688888888889,0.633333333333
401,487,emoMusic45s/clips_45seconds/487.mp3,0.5,0.588888888889
402,488,emoMusic45s/clips_45seconds/488.mp3,0.177777777778,0.377777777778
403,489,emoMusic45s/clips_45seconds/489.mp3,0.511111111111,0.577777777778
404,490,emoMusic45s/clips_45seconds/490.mp3,0.433333333333,0.411111111111
405,492,emoMusic45s/clips_45seconds/492.mp3,0.488888888889,0.533333333333
406,493,emoMusic45s/clips_45seconds/493.mp3,0.411111111111,0.544444444444
407,494,emoMusic45s/clips_45seconds/494.mp3,0.411111111111,0.455555555556
408,496,emoMusic45s/clips_45seconds/496.mp3,0.522222222222,0.655555555556
409,497,emoMusic45s/clips_45seconds/497.mp3,0.688888888889,0.633333333333
410,498,emoMusic45s/clips_45seconds/498.mp3,0.322222222222,0.311111111111
411,499,emoMusic45s/clips_45seconds/499.mp3,0.4,0.4
412,500,emoMusic45s/clips_45seconds/500.mp3,0.666666666667,0.577777777778
413,501,emoMusic45s/clips_45seconds/501.mp3,0.277777777778,0.488888888889
414,502,emoMusic45s/clips_45seconds/502.mp3,0.533333333333,0.511111111111
415,503,emoMusic45s/clips_45seconds/503.mp3,0.644444444444,0.711111111111
416,504,emoMusic45s/clips_45seconds/504.mp3,0.533333333333,0.444444444444
417,506,emoMusic45s/clips_45seconds/506.mp3,0.322222222222,0.455555555556
418,507,emoMusic45s/clips_45seconds/507.mp3,0.544444444444,0.533333333333
419,512,emoMusic45s/clips_45seconds/512.mp3,0.566666666667,0.6
420,513,emoMusic45s/clips_45seconds/513.mp3,0.344444444444,0.466666666667
421,514,emoMusic45s/clips_45seconds/514.mp3,0.477777777778,0.644444444444
422,515,emoMusic45s/clips_45seconds/515.mp3,0.422222222222,0.377777777778
423,518,emoMusic45s/clips_45seconds/518.mp3,0.455555555556,0.377777777778
424,519,emoMusic45s/clips_45seconds/519.mp3,0.755555555556,0.588888888889
425,520,emoMusic45s/clips_45seconds/520.mp3,0.444444444444,0.611111111111
426,521,emoMusic45s/clips_45seconds/521.mp3,0.422222222222,0.511111111111
427,522,emoMusic45s/clips_45seconds/522.mp3,0.388888888889,0.3
428,523,emoMusic45s/clips_45seconds/523.mp3,0.566666666667,0.655555555556
429,524,emoMusic45s/clips_45seconds/524.mp3,0.366666666667,0.444444444444
430,525,emoMusic45s/clips_45seconds/525.mp3,0.477777777778,0.533333333333
431,527,emoMusic45s/clips_45seconds/527.mp3,0.444444444444,0.633333333333
432,529,emoMusic45s/clips_45seconds/529.mp3,0.522222222222,0.644444444444
433,530,emoMusic45s/clips_45seconds/530.mp3,0.366666666667,0.388888888889
434,535,emoMusic45s/clips_45seconds/535.mp3,0.677777777778,0.722222222222
435,536,emoMusic45s/clips_45seconds/536.mp3,0.566666666667,0.5
436,537,emoMusic45s/clips_45seconds/537.mp3,0.555555555556,0.288888888889
437,540,emoMusic45s/clips_45seconds/540.mp3,0.455555555556,0.488888888889
438,544,emoMusic45s/clips_45seconds/544.mp3,0.533333333333,0.5
439,547,emoMusic45s/clips_45seconds/547.mp3,0.377777777778,0.533333333333
440,550,emoMusic45s/clips_45seconds/550.mp3,0.466666666667,0.655555555556
441,551,emoMusic45s/clips_45seconds/551.mp3,0.355555555556,0.444444444444
442,554,emoMusic45s/clips_45seconds/554.mp3,0.311111111111,0.555555555556
443,555,emoMusic45s/clips_45seconds/555.mp3,0.577777777778,0.533333333333
444,556,emoMusic45s/clips_45seconds/556.mp3,0.622222222222,0.677777777778
445,558,emoMusic45s/clips_45seconds/558.mp3,0.311111111111,0.355555555556
446,560,emoMusic45s/clips_45seconds/560.mp3,0.322222222222,0.511111111111
447,561,emoMusic45s/clips_45seconds/561.mp3,0.766666666667,0.777777777778
448,564,emoMusic45s/clips_45seconds/564.mp3,0.522222222222,0.544444444444
449,565,emoMusic45s/clips_45seconds/565.mp3,0.344444444444,0.333333333333
450,568,emoMusic45s/clips_45seconds/568.mp3,0.6,0.344444444444
451,574,emoMusic45s/clips_45seconds/574.mp3,0.5,0.533333333333
452,577,emoMusic45s/clips_45seconds/577.mp3,0.622222222222,0.611111111111
453,579,emoMusic45s/clips_45seconds/579.mp3,0.344444444444,0.355555555556
454,580,emoMusic45s/clips_45seconds/580.mp3,0.266666666667,0.488888888889
455,581,emoMusic45s/clips_45seconds/581.mp3,0.588888888889,0.666666666667
456,582,emoMusic45s/clips_45seconds/582.mp3,0.344444444444,0.544444444444
457,584,emoMusic45s/clips_45seconds/584.mp3,0.277777777778,0.266666666667
458,585,emoMusic45s/clips_45seconds/585.mp3,0.444444444444,0.466666666667
459,586,emoMusic45s/clips_45seconds/586.mp3,0.577777777778,0.655555555556
460,591,emoMusic45s/clips_45seconds/591.mp3,0.633333333333,0.688888888889
461,592,emoMusic45s/clips_45seconds/592.mp3,0.606055555556,0.565655555556
462,594,emoMusic45s/clips_45seconds/594.mp3,0.466666666667,0.344444444444
463,597,emoMusic45s/clips_45seconds/597.mp3,0.533333333333,0.711111111111
464,598,emoMusic45s/clips_45seconds/598.mp3,0.444444444444,0.622222222222
465,600,emoMusic45s/clips_45seconds/600.mp3,0.388888888889,0.444444444444
466,605,emoMusic45s/clips_45seconds/605.mp3,0.488888888889,0.666666666667
467,606,emoMusic45s/clips_45seconds/606.mp3,0.455555555556,0.622222222222
468,607,emoMusic45s/clips_45seconds/607.mp3,0.488888888889,0.677777777778
469,608,emoMusic45s/clips_45seconds/608.mp3,0.322222222222,0.422222222222
470,609,emoMusic45s/clips_45seconds/609.mp3,0.544444444444,0.611111111111
471,610,emoMusic45s/clips_45seconds/610.mp3,0.7,0.722222222222
472,611,emoMusic45s/clips_45seconds/611.mp3,0.566666666667,0.533333333333
473,612,emoMusic45s/clips_45seconds/612.mp3,0.622222222222,0.733333333333
474,613,emoMusic45s/clips_45seconds/613.mp3,0.577777777778,0.755555555556
475,614,emoMusic45s/clips_45seconds/614.mp3,0.477777777778,0.411111111111
476,615,emoMusic45s/clips_45seconds/615.mp3,0.355555555556,0.555555555556
477,616,emoMusic45s/clips_45seconds/616.mp3,0.388888888889,0.555555555556
478,617,emoMusic45s/clips_45seconds/617.mp3,0.722222222222,0.333333333333
479,620,emoMusic45s/clips_45seconds/620.mp3,0.644444444444,0.488888888889
480,621,emoMusic45s/clips_45seconds/621.mp3,0.322222222222,0.488888888889
481,622,emoMusic45s/clips_45seconds/622.mp3,0.5,0.555555555556
482,623,emoMusic45s/clips_45seconds/623.mp3,0.422222222222,0.655555555556
483,625,emoMusic45s/clips_45seconds/625.mp3,0.344444444444,0.488888888889
484,628,emoMusic45s/clips_45seconds/628.mp3,0.544444444444,0.755555555556
485,629,emoMusic45s/clips_45seconds/629.mp3,0.822222222222,0.844444444444
486,631,emoMusic45s/clips_45seconds/631.mp3,0.844444444444,0.344444444444
487,632,emoMusic45s/clips_45seconds/632.mp3,0.466666666667,0.6
488,634,emoMusic45s/clips_45seconds/634.mp3,0.522222222222,0.644444444444
489,635,emoMusic45s/clips_45seconds/635.mp3,0.733333333333,0.844444444444
490,637,emoMusic45s/clips_45seconds/637.mp3,0.244444444444,0.4
491,638,emoMusic45s/clips_45seconds/638.mp3,0.355555555556,0.488888888889
492,639,emoMusic45s/clips_45seconds/639.mp3,0.677777777778,0.7
493,640,emoMusic45s/clips_45seconds/640.mp3,0.844444444444,0.866666666667
494,643,emoMusic45s/clips_45seconds/643.mp3,0.388888888889,0.466666666667
495,644,emoMusic45s/clips_45seconds/644.mp3,0.477777777778,0.622222222222
496,645,emoMusic45s/clips_45seconds/645.mp3,0.511111111111,0.633333333333
497,646,emoMusic45s/clips_45seconds/646.mp3,0.344444444444,0.422222222222
498,647,emoMusic45s/clips_45seconds/647.mp3,0.333333333333,0.644444444444
499,648,emoMusic45s/clips_45seconds/648.mp3,0.566666666667,0.755555555556
500,649,emoMusic45s/clips_45seconds/649.mp3,0.688888888889,0.744444444444
501,650,emoMusic45s/clips_45seconds/650.mp3,0.666666666667,0.466666666667
502,651,emoMusic45s/clips_45seconds/651.mp3,0.711111111111,0.788888888889
503,652,emoMusic45s/clips_45seconds/652.mp3,0.308644444444,0.456788888889
504,653,emoMusic45s/clips_45seconds/653.mp3,0.588888888889,0.722222222222
505,654,emoMusic45s/clips_45seconds/654.mp3,0.566666666667,0.488888888889
506,656,emoMusic45s/clips_45seconds/656.mp3,0.288888888889,0.455555555556
507,657,emoMusic45s/clips_45seconds/657.mp3,0.566666666667,0.622222222222
508,658,emoMusic45s/clips_45seconds/658.mp3,0.488888888889,0.633333333333
509,660,emoMusic45s/clips_45seconds/660.mp3,0.233333333333,0.311111111111
510,661,emoMusic45s/clips_45seconds/661.mp3,0.244444444444,0.311111111111
511,662,emoMusic45s/clips_45seconds/662.mp3,0.655555555556,0.566666666667
512,663,emoMusic45s/clips_45seconds/663.mp3,0.366666666667,0.477777777778
513,664,emoMusic45s/clips_45seconds/664.mp3,0.777777777778,0.733333333333
514,665,emoMusic45s/clips_45seconds/665.mp3,0.633333333333,0.688888888889
515,666,emoMusic45s/clips_45seconds/666.mp3,0.588888888889,0.555555555556
516,667,emoMusic45s/clips_45seconds/667.mp3,0.466666666667,0.544444444444
517,668,emoMusic45s/clips_45seconds/668.mp3,0.555555555556,0.588888888889
518,671,emoMusic45s/clips_45seconds/671.mp3,0.344444444444,0.411111111111
519,672,emoMusic45s/clips_45seconds/672.mp3,0.488888888889,0.7
520,673,emoMusic45s/clips_45seconds/673.mp3,0.733333333333,0.744444444444
521,674,emoMusic45s/clips_45seconds/674.mp3,0.755555555556,0.822222222222
522,675,emoMusic45s/clips_45seconds/675.mp3,0.566666666667,0.644444444444
523,676,emoMusic45s/clips_45seconds/676.mp3,0.733333333333,0.733333333333
524,677,emoMusic45s/clips_45seconds/677.mp3,0.722222222222,0.588888888889
525,681,emoMusic45s/clips_45seconds/681.mp3,0.544444444444,0.733333333333
526,682,emoMusic45s/clips_45seconds/682.mp3,0.533333333333,0.666666666667
527,684,emoMusic45s/clips_45seconds/684.mp3,0.477777777778,0.544444444444
528,685,emoMusic45s/clips_45seconds/685.mp3,0.5,0.4
529,686,emoMusic45s/clips_45seconds/686.mp3,0.377777777778,0.611111111111
530,687,emoMusic45s/clips_45seconds/687.mp3,0.811111111111,0.822222222222
531,688,emoMusic45s/clips_45seconds/688.mp3,0.477777777778,0.555555555556
532,689,emoMusic45s/clips_45seconds/689.mp3,0.422222222222,0.511111111111
533,690,emoMusic45s/clips_45seconds/690.mp3,0.266666666667,0.488888888889
534,691,emoMusic45s/clips_45seconds/691.mp3,0.555555555556,0.411111111111
535,692,emoMusic45s/clips_45seconds/692.mp3,0.766666666667,0.677777777778
536,693,emoMusic45s/clips_45seconds/693.mp3,0.688888888889,0.588888888889
537,695,emoMusic45s/clips_45seconds/695.mp3,0.655555555556,0.688888888889
538,696,emoMusic45s/clips_45seconds/696.mp3,0.588888888889,0.644444444444
539,697,emoMusic45s/clips_45seconds/697.mp3,0.533333333333,0.644444444444
540,698,emoMusic45s/clips_45seconds/698.mp3,0.433333333333,0.411111111111
541,699,emoMusic45s/clips_45seconds/699.mp3,0.411111111111,0.5
542,700,emoMusic45s/clips_45seconds/700.mp3,0.533333333333,0.622222222222
543,702,emoMusic45s/clips_45seconds/702.mp3,0.833333333333,0.366666666667
544,703,emoMusic45s/clips_45seconds/703.mp3,0.566666666667,0.666666666667
545,704,emoMusic45s/clips_45seconds/704.mp3,0.455555555556,0.466666666667
546,706,emoMusic45s/clips_45seconds/706.mp3,0.611111111111,0.666666666667
547,707,emoMusic45s/clips_45seconds/707.mp3,0.355555555556,0.344444444444
548,708,emoMusic45s/clips_45seconds/708.mp3,0.355555555556,0.355555555556
549,709,emoMusic45s/clips_45seconds/709.mp3,0.644444444444,0.555555555556
550,710,emoMusic45s/clips_45seconds/710.mp3,0.6,0.566666666667
551,711,emoMusic45s/clips_45seconds/711.mp3,0.322222222222,0.344444444444
552,712,emoMusic45s/clips_45seconds/712.mp3,0.377777777778,0.588888888889
553,713,emoMusic45s/clips_45seconds/713.mp3,0.544444444444,0.7
554,714,emoMusic45s/clips_45seconds/714.mp3,0.488888888889,0.533333333333
555,715,emoMusic45s/clips_45seconds/715.mp3,0.322222222222,0.477777777778
556,717,emoMusic45s/clips_45seconds/717.mp3,0.5,0.544444444444
557,718,emoMusic45s/clips_45seconds/718.mp3,0.655555555556,0.722222222222
558,719,emoMusic45s/clips_45seconds/719.mp3,0.788888888889,0.8
559,721,emoMusic45s/clips_45seconds/721.mp3,0.633333333333,0.611111111111
560,722,emoMusic45s/clips_45seconds/722.mp3,0.633333333333,0.777777777778
561,723,emoMusic45s/clips_45seconds/723.mp3,0.722222222222,0.8
562,724,emoMusic45s/clips_45seconds/724.mp3,0.666666666667,0.677777777778
563,725,emoMusic45s/clips_45seconds/725.mp3,0.566666666667,0.566666666667
564,726,emoMusic45s/clips_45seconds/726.mp3,0.777777777778,0.4
565,727,emoMusic45s/clips_45seconds/727.mp3,0.477777777778,0.5
566,728,emoMusic45s/clips_45seconds/728.mp3,0.766666666667,0.833333333333
567,729,emoMusic45s/clips_45seconds/729.mp3,0.711111111111,0.388888888889
568,730,emoMusic45s/clips_45seconds/730.mp3,0.411111111111,0.5
569,731,emoMusic45s/clips_45seconds/731.mp3,0.811111111111,0.644444444444
570,732,emoMusic45s/clips_45seconds/732.mp3,0.622222222222,0.7
571,733,emoMusic45s/clips_45seconds/733.mp3,0.477777777778,0.555555555556
572,734,emoMusic45s/clips_45seconds/734.mp3,0.633333333333,0.7
573,735,emoMusic45s/clips_45seconds/735.mp3,0.477777777778,0.544444444444
574,736,emoMusic45s/clips_45seconds/736.mp3,0.3,0.411111111111
575,737,emoMusic45s/clips_45seconds/737.mp3,0.455555555556,0.544444444444
576,738,emoMusic45s/clips_45seconds/738.mp3,0.611111111111,0.688888888889
577,739,emoMusic45s/clips_45seconds/739.mp3,0.688888888889,0.766666666667
578,740,emoMusic45s/clips_45seconds/740.mp3,0.411111111111,0.444444444444
579,741,emoMusic45s/clips_45seconds/741.mp3,0.511111111111,0.488888888889
580,742,emoMusic45s/clips_45seconds/742.mp3,0.677777777778,0.722222222222
581,743,emoMusic45s/clips_45seconds/743.mp3,0.344444444444,0.555555555556
582,744,emoMusic45s/clips_45seconds/744.mp3,0.677777777778,0.611111111111
583,745,emoMusic45s/clips_45seconds/745.mp3,0.466666666667,0.177777777778
584,746,emoMusic45s/clips_45seconds/746.mp3,0.411111111111,0.511111111111
585,747,emoMusic45s/clips_45seconds/747.mp3,0.4,0.544444444444
586,748,emoMusic45s/clips_45seconds/748.mp3,0.566666666667,0.488888888889
587,749,emoMusic45s/clips_45seconds/749.mp3,0.466666666667,0.544444444444
588,750,emoMusic45s/clips_45seconds/750.mp3,0.588888888889,0.633333333333
589,756,emoMusic45s/clips_45seconds/756.mp3,0.655555555556,0.755555555556
590,757,emoMusic45s/clips_45seconds/757.mp3,0.666666666667,0.677777777778
591,758,emoMusic45s/clips_45seconds/758.mp3,0.533333333333,0.655555555556
592,759,emoMusic45s/clips_45seconds/759.mp3,0.744444444444,0.655555555556
593,763,emoMusic45s/clips_45seconds/763.mp3,0.388888888889,0.611111111111
594,764,emoMusic45s/clips_45seconds/764.mp3,0.7,0.833333333333
595,767,emoMusic45s/clips_45seconds/767.mp3,0.577777777778,0.722222222222
596,769,emoMusic45s/clips_45seconds/769.mp3,0.688888888889,0.555555555556
597,773,emoMusic45s/clips_45seconds/773.mp3,0.5,0.522222222222
598,775,emoMusic45s/clips_45seconds/775.mp3,0.411111111111,0.488888888889
599,776,emoMusic45s/clips_45seconds/776.mp3,0.388888888889,0.5
600,777,emoMusic45s/clips_45seconds/777.mp3,0.688888888889,0.566666666667
601,779,emoMusic45s/clips_45seconds/779.mp3,0.311111111111,0.588888888889
602,780,emoMusic45s/clips_45seconds/780.mp3,0.644444444444,0.688888888889
603,781,emoMusic45s/clips_45seconds/781.mp3,0.544444444444,0.7
604,782,emoMusic45s/clips_45seconds/782.mp3,0.8,0.522222222222
605,784,emoMusic45s/clips_45seconds/784.mp3,0.522222222222,0.633333333333
606,787,emoMusic45s/clips_45seconds/787.mp3,0.677777777778,0.7
607,789,emoMusic45s/clips_45seconds/789.mp3,0.433333333333,0.577777777778
608,790,emoMusic45s/clips_45seconds/790.mp3,0.8,0.6
609,791,emoMusic45s/clips_45seconds/791.mp3,0.3,0.511111111111
610,794,emoMusic45s/clips_45seconds/794.mp3,0.277777777778,0.466666666667
611,795,emoMusic45s/clips_45seconds/795.mp3,0.244444444444,0.388888888889
612,796,emoMusic45s/clips_45seconds/796.mp3,0.577777777778,0.566666666667
613,797,emoMusic45s/clips_45seconds/797.mp3,0.544444444444,0.6
614,798,emoMusic45s/clips_45seconds/798.mp3,0.722222222222,0.655555555556
615,799,emoMusic45s/clips_45seconds/799.mp3,0.455555555556,0.622222222222
616,800,emoMusic45s/clips_45seconds/800.mp3,0.5,0.5
617,801,emoMusic45s/clips_45seconds/801.mp3,0.366666666667,0.388888888889
618,804,emoMusic45s/clips_45seconds/804.mp3,0.766666666667,0.755555555556
619,805,emoMusic45s/clips_45seconds/805.mp3,0.244444444444,0.388888888889
620,806,emoMusic45s/clips_45seconds/806.mp3,0.711111111111,0.733333333333
621,807,emoMusic45s/clips_45seconds/807.mp3,0.533333333333,0.722222222222
622,808,emoMusic45s/clips_45seconds/808.mp3,0.344444444444,0.477777777778
623,810,emoMusic45s/clips_45seconds/810.mp3,0.722222222222,0.733333333333
624,811,emoMusic45s/clips_45seconds/811.mp3,0.455555555556,0.544444444444
625,813,emoMusic45s/clips_45seconds/813.mp3,0.688888888889,0.744444444444
626,814,emoMusic45s/clips_45seconds/814.mp3,0.677777777778,0.588888888889
627,815,emoMusic45s/clips_45seconds/815.mp3,0.611111111111,0.655555555556
628,818,emoMusic45s/clips_45seconds/818.mp3,0.655555555556,0.755555555556
629,819,emoMusic45s/clips_45seconds/819.mp3,0.444444444444,0.633333333333
630,820,emoMusic45s/clips_45seconds/820.mp3,0.711111111111,0.711111111111
631,823,emoMusic45s/clips_45seconds/823.mp3,0.533333333333,0.533333333333
632,824,emoMusic45s/clips_45seconds/824.mp3,0.8,0.777777777778
633,825,emoMusic45s/clips_45seconds/825.mp3,0.455555555556,0.633333333333
634,826,emoMusic45s/clips_45seconds/826.mp3,0.444444444444,0.522222222222
635,829,emoMusic45s/clips_45seconds/829.mp3,0.255555555556,0.5
636,830,emoMusic45s/clips_45seconds/830.mp3,0.588888888889,0.655555555556
637,831,emoMusic45s/clips_45seconds/831.mp3,0.577777777778,0.688888888889
638,833,emoMusic45s/clips_45seconds/833.mp3,0.555555555556,0.644444444444
639,834,emoMusic45s/clips_45seconds/834.mp3,0.522222222222,0.477777777778
640,836,emoMusic45s/clips_45seconds/836.mp3,0.788888888889,0.633333333333
641,839,emoMusic45s/clips_45seconds/839.mp3,0.633333333333,0.488888888889
642,841,emoMusic45s/clips_45seconds/841.mp3,0.466666666667,0.522222222222
643,844,emoMusic45s/clips_45seconds/844.mp3,0.422222222222,0.377777777778
644,845,emoMusic45s/clips_45seconds/845.mp3,0.566666666667,0.444444444444
645,846,emoMusic45s/clips_45seconds/846.mp3,0.666666666667,0.611111111111
646,848,emoMusic45s/clips_45seconds/848.mp3,0.244444444444,0.3
647,850,emoMusic45s/clips_45seconds/850.mp3,0.370366666667,0.308644444444
648,851,emoMusic45s/clips_45seconds/851.mp3,0.555555555556,0.488888888889
649,852,emoMusic45s/clips_45seconds/852.mp3,0.5,0.522222222222
650,854,emoMusic45s/clips_45seconds/854.mp3,0.322222222222,0.422222222222
651,855,emoMusic45s/clips_45seconds/855.mp3,0.322222222222,0.5
652,856,emoMusic45s/clips_45seconds/856.mp3,0.744444444444,0.622222222222
653,857,emoMusic45s/clips_45seconds/857.mp3,0.544444444444,0.588888888889
654,858,emoMusic45s/clips_45seconds/858.mp3,0.488888888889,0.5
655,859,emoMusic45s/clips_45seconds/859.mp3,0.4,0.566666666667
656,860,emoMusic45s/clips_45seconds/860.mp3,0.733333333333,0.744444444444
657,863,emoMusic45s/clips_45seconds/863.mp3,0.711111111111,0.777777777778
658,864,emoMusic45s/clips_45seconds/864.mp3,0.633333333333,0.655555555556
659,865,emoMusic45s/clips_45seconds/865.mp3,0.311111111111,0.511111111111
660,866,emoMusic45s/clips_45seconds/866.mp3,0.644444444444,0.566666666667
661,867,emoMusic45s/clips_45seconds/867.mp3,0.644444444444,0.722222222222
662,869,emoMusic45s/clips_45seconds/869.mp3,0.288888888889,0.455555555556
663,871,emoMusic45s/clips_45seconds/871.mp3,0.711111111111,0.666666666667
664,872,emoMusic45s/clips_45seconds/872.mp3,0.377777777778,0.611111111111
665,873,emoMusic45s/clips_45seconds/873.mp3,0.755555555556,0.777777777778
666,874,emoMusic45s/clips_45seconds/874.mp3,0.7,0.488888888889
667,876,emoMusic45s/clips_45seconds/876.mp3,0.7,0.744444444444
668,879,emoMusic45s/clips_45seconds/879.mp3,0.622222222222,0.666666666667
669,880,emoMusic45s/clips_45seconds/880.mp3,0.544444444444,0.422222222222
670,882,emoMusic45s/clips_45seconds/882.mp3,0.588888888889,0.577777777778
671,884,emoMusic45s/clips_45seconds/884.mp3,0.611111111111,0.555555555556
672,886,emoMusic45s/clips_45seconds/886.mp3,0.655555555556,0.6
673,887,emoMusic45s/clips_45seconds/887.mp3,0.566666666667,0.622222222222
674,889,emoMusic45s/clips_45seconds/889.mp3,0.766666666667,0.8
675,890,emoMusic45s/clips_45seconds/890.mp3,0.4,0.522222222222
676,891,emoMusic45s/clips_45seconds/891.mp3,0.377777777778,0.611111111111
677,892,emoMusic45s/clips_45seconds/892.mp3,0.433333333333,0.322222222222
678,893,emoMusic45s/clips_45seconds/893.mp3,0.811111111111,0.366666666667
679,897,emoMusic45s/clips_45seconds/897.mp3,0.544444444444,0.477777777778
680,898,emoMusic45s/clips_45seconds/898.mp3,0.711111111111,0.611111111111
681,899,emoMusic45s/clips_45seconds/899.mp3,0.588888888889,0.7
682,902,emoMusic45s/clips_45seconds/902.mp3,0.777777777778,0.366666666667
683,903,emoMusic45s/clips_45seconds/903.mp3,0.655555555556,0.622222222222
684,904,emoMusic45s/clips_45seconds/904.mp3,0.633333333333,0.466666666667
685,908,emoMusic45s/clips_45seconds/908.mp3,0.611111111111,0.544444444444
686,909,emoMusic45s/clips_45seconds/909.mp3,0.666666666667,0.611111111111
687,910,emoMusic45s/clips_45seconds/910.mp3,0.777777777778,0.733333333333
688,911,emoMusic45s/clips_45seconds/911.mp3,0.788888888889,0.444444444444
689,913,emoMusic45s/clips_45seconds/913.mp3,0.533333333333,0.366666666667
690,915,emoMusic45s/clips_45seconds/915.mp3,0.555555555556,0.577777777778
691,921,emoMusic45s/clips_45seconds/921.mp3,0.655555555556,0.677777777778
692,924,emoMusic45s/clips_45seconds/924.mp3,0.6,0.688888888889
693,925,emoMusic45s/clips_45seconds/925.mp3,0.544444444444,0.633333333333
694,926,emoMusic45s/clips_45seconds/926.mp3,0.444444444444,0.611111111111
695,928,emoMusic45s/clips_45seconds/928.mp3,0.555555555556,0.444444444444
696,931,emoMusic45s/clips_45seconds/931.mp3,0.7,0.722222222222
697,932,emoMusic45s/clips_45seconds/932.mp3,0.5,0.544444444444
698,934,emoMusic45s/clips_45seconds/934.mp3,0.688888888889,0.711111111111
699,936,emoMusic45s/clips_45seconds/936.mp3,0.6,0.522222222222
700,938,emoMusic45s/clips_45seconds/938.mp3,0.811111111111,0.466666666667
701,939,emoMusic45s/clips_45seconds/939.mp3,0.688888888889,0.3
702,941,emoMusic45s/clips_45seconds/941.mp3,0.8,0.655555555556
703,942,emoMusic45s/clips_45seconds/942.mp3,0.533333333333,0.455555555556
704,944,emoMusic45s/clips_45seconds/944.mp3,0.788888888889,0.722222222222
705,945,emoMusic45s/clips_45seconds/945.mp3,0.255555555556,0.311111111111
706,949,emoMusic45s/clips_45seconds/949.mp3,0.633333333333,0.677777777778
707,952,emoMusic45s/clips_45seconds/952.mp3,0.466666666667,0.411111111111
708,954,emoMusic45s/clips_45seconds/954.mp3,0.566666666667,0.611111111111
709,955,emoMusic45s/clips_45seconds/955.mp3,0.422222222222,0.622222222222
710,956,emoMusic45s/clips_45seconds/956.mp3,0.5,0.6
711,957,emoMusic45s/clips_45seconds/957.mp3,0.311111111111,0.522222222222
712,958,emoMusic45s/clips_45seconds/958.mp3,0.611111111111,0.566666666667
713,959,emoMusic45s/clips_45seconds/959.mp3,0.688888888889,0.711111111111
714,960,emoMusic45s/clips_45seconds/960.mp3,0.855555555556,0.855555555556
715,961,emoMusic45s/clips_45seconds/961.mp3,0.622222222222,0.611111111111
716,962,emoMusic45s/clips_45seconds/962.mp3,0.822222222222,0.377777777778
717,964,emoMusic45s/clips_45seconds/964.mp3,0.844444444444,0.777777777778
718,967,emoMusic45s/clips_45seconds/967.mp3,0.311111111111,0.488888888889
719,968,emoMusic45s/clips_45seconds/968.mp3,0.422222222222,0.355555555556
720,970,emoMusic45s/clips_45seconds/970.mp3,0.733333333333,0.733333333333
721,973,emoMusic45s/clips_45seconds/973.mp3,0.722222222222,0.511111111111
722,974,emoMusic45s/clips_45seconds/974.mp3,0.455555555556,0.466666666667
723,976,emoMusic45s/clips_45seconds/976.mp3,0.688888888889,0.655555555556
724,977,emoMusic45s/clips_45seconds/977.mp3,0.811111111111,0.388888888889
725,978,emoMusic45s/clips_45seconds/978.mp3,0.855555555556,0.677777777778
726,979,emoMusic45s/clips_45seconds/979.mp3,0.344444444444,0.611111111111
727,980,emoMusic45s/clips_45seconds/980.mp3,0.644444444444,0.477777777778
728,981,emoMusic45s/clips_45seconds/981.mp3,0.744444444444,0.733333333333
729,983,emoMusic45s/clips_45seconds/983.mp3,0.533333333333,0.7
730,985,emoMusic45s/clips_45seconds/985.mp3,0.433333333333,0.677777777778
731,986,emoMusic45s/clips_45seconds/986.mp3,0.644444444444,0.5
732,987,emoMusic45s/clips_45seconds/987.mp3,0.7,0.4
733,988,emoMusic45s/clips_45seconds/988.mp3,0.6,0.655555555556
734,989,emoMusic45s/clips_45seconds/989.mp3,0.7,0.711111111111
735,990,emoMusic45s/clips_45seconds/990.mp3,0.666666666667,0.677777777778
736,991,emoMusic45s/clips_45seconds/991.mp3,0.344444444444,0.388888888889
737,993,emoMusic45s/clips_45seconds/993.mp3,0.488888888889,0.422222222222
738,994,emoMusic45s/clips_45seconds/994.mp3,0.733333333333,0.588888888889
739,995,emoMusic45s/clips_45seconds/995.mp3,0.522222222222,0.266666666667
740,996,emoMusic45s/clips_45seconds/996.mp3,0.666666666667,0.744444444444
741,997,emoMusic45s/clips_45seconds/997.mp3,0.711111111111,0.744444444444
742,999,emoMusic45s/clips_45seconds/999.mp3,0.455555555556,0.655555555556
743,1000,emoMusic45s/clips_45seconds/1000.mp3,0.802466666667,0.654322222222
